Type,Name,Request Count,Failure Count,Median Response Time,Average Response Time,Min Response Time,Max Response Time,Average Content Size,Requests/s,Failures/s,50%,66%,75%,80%,90%,95%,98%,99%,99.9%,99.99%,100%
GET,Concurrent User Test - GET /get,174,0,280.0,370.6147379310346,240.04980000006526,1799.5836000000054,311.0,3.4549855430169334,0.0,280,290,310,450,670,820,1100,1300,1800,1800,1800
POST,Concurrent User Test - POST /post,174,0,280.0,362.73013678161163,240.0760000000446,1343.8054999999167,529.8735632183908,3.4549855430169334,0.0,280,290,360,400,600,850,1200,1300,1300,1300,1300
GET,GET /get,162,0,280.0,360.8194166666618,242.09239999993315,1834.171099999935,311.0,3.216710677981283,0.0,280,290,340,400,620,840,970,1100,1800,1800,1800
GET,Load Homepage,143,0,280.0,339.5763118881126,241.68069999996078,1119.8447000000442,9593.0,2.8394421416748363,0.0,280,290,300,320,510,780,940,1100,1100,1100,1100
POST,POST /post,170,0,280.0,374.2286970588238,243.29769999997097,1863.5076000000481,517.8117647058823,3.37556058800505,0.0,280,300,360,420,650,880,1100,1300,1900,1900,1900
,Aggregated,823,0,280.0,362.37307995139764,240.04980000006526,1863.5076000000481,2012.7837181044958,16.341684493695038,0.0,280,290,330,400,620,840,1100,1200,1900,1900,1900
